{"first_acc": 0.1, "end_acc": 0.55, "expected_wins": 0.15508991677586897, "expected_wins_optimal": 0.5769026854359091}