{"sent1_acc": 0.053700361010830325, "eoq_acc": 0.5234657039711191, "curve": 0.0}