{"sent1_acc": 0.12906137184115524, "eoq_acc": 0.549187725631769, "curve": 0.0}