{"first_acc": 0.1, "end_acc": 0.6, "expected_wins": 0.26595113702765, "expected_wins_optimal": 0.5907878258383171}